category	tournament	match
UEFA Super Cup	UEFA SUPER CUP UEFA SUPER CUP	Bayern M.--v--Sevilla
Champions L.	CL - QUALIFICATION CHAMPIONS L.	Qarabag--v--Molde
Champions L.	CL - QUALIFICATION CHAMPIONS L.	Dynamo Kiev--v--AZ Alkmaar
Champions L.	CL - QUALIFICATION CHAMPIONS L.	PAOK--v--Benfica
Champions L.	CL - QUALIFICATION CHAMPIONS L.	Gent--v--Rapid Vienna
Europa L.	EL - QUALIFICATION EUROPA L.	Maccabi Haifa--v--FK Zeljeznicar
England	ENG - PREMIER LEAGUE ENGLAND	Fulham--v--Arsenal
England	ENG - PREMIER LEAGUE ENGLAND	Crystal Palace--v--Southampton
England	ENG - PREMIER LEAGUE ENGLAND	Liverpool--v--Leeds
England	ENG - PREMIER LEAGUE ENGLAND	West Ham--v--Newcastle
England	ENG - CHAMPIONSHIP ENGLAND	Watford--v--Middlesbrough
England	ENG - LEAGUE ONE ENGLAND	Accrington--v--Peterborough
England	ENG - LEAGUE ONE ENGLAND	Crewe Alexandra--v--Charlton
England	ENG - LEAGUE ONE ENGLAND	Doncaster--v--MK Dons
England	ENG - LEAGUE ONE ENGLAND	Fleetwood Town--v--Burton
England	ENG - LEAGUE ONE ENGLAND	Gillingham--v--Hull City
England	ENG - LEAGUE ONE ENGLAND	Lincoln--v--Oxford Utd
England	ENG - LEAGUE ONE ENGLAND	Northampton--v--AFC Wimbledon
England	ENG - LEAGUE ONE ENGLAND	Plymouth--v--Blackpool
England	ENG - LEAGUE ONE ENGLAND	Portsmouth--v--Shrewsbury
England	ENG - LEAGUE ONE ENGLAND	Sunderland--v--Bristol Rovers
England	ENG - LEAGUE ONE ENGLAND	Swindon--v--Rochdale
England	ENG - LEAGUE TWO ENGLAND	Barrow--v--Stevenage
England	ENG - LEAGUE TWO ENGLAND	Bolton Wanderers--v--Forest Green
England	ENG - LEAGUE TWO ENGLAND	Bradford--v--Colchester
England	ENG - LEAGUE TWO ENGLAND	Cambridge Utd--v--Carlisle
England	ENG - LEAGUE TWO ENGLAND	Cheltenham--v--Morecambe
England	ENG - LEAGUE TWO ENGLAND	Mansfield--v--Tranmere
England	ENG - LEAGUE TWO ENGLAND	Oldham--v--Leyton Orient
England	ENG - LEAGUE TWO ENGLAND	Port Vale--v--Crawley
England	ENG - LEAGUE TWO ENGLAND	Salford City--v--Exeter
England	ENG - LEAGUE TWO ENGLAND	Scunthorpe--v--Newport
England	ENG - LEAGUE TWO ENGLAND	Southend--v--Harrogate Town
England	ENG - LEAGUE TWO ENGLAND	Walsall--v--Grimsby
England	ENG - FOOTBALL LEAGUE TROPHY ENGLAND	Salford City--v--Manchester United U21
England	ENG - THE FA WOMEN'S SUPER LEAGUE ENGLAND	Everton (W)--v--Tottenham (W)
Spain	SPA - LALIGA SPAIN	Granada--v--Athletic Bilbao
Spain	SPA - LALIGA2 SPAIN	Leganes--v--Las Palmas
Italy	ITA - SERIE A ITALY	Fiorentina--v--Torino
Italy	ITA - SERIE A ITALY	Verona--v--Roma
Germany	GER - BUNDESLIGA GERMANY	Bayern M.--v--Schalke
Germany	GER - BUNDESLIGA 2 GERMANY	Hamburger--v--Fortuna Dusseldorf
Germany	GER - BUNDESLIGA 2 GERMANY	Jahn Regensburg--v--Nurnberg
Germany	GER - BUNDESLIGA 3 GERMANY	Kaiserslautern--v--Dynamo Dresden
Germany	GER - SUPER CUP GERMANY	B. Dortmund--v--Bayern M.
Germany	GER - DFB POKAL GERMANY	Eintracht Braunschweig--v--Hertha
Germany	GER - DFB POKAL GERMANY	TSV Havelse--v--Mainz
Germany	GER - OBERLIGA RHEINLAND - PFALZ/SAAR GERMANY	TuS Mechtersheim--v--Spvgg Elversberg II
Germany	GER - OBERLIGA RHEINLAND - PFALZ/SAAR GERMANY	FC SPEYER 09--v--Wormatia Worms
Germany	GER - OBERLIGA RHEINLAND - PFALZ/SAAR, NORTH GERMANY	SF Eisbachtal--v--TuS Koblenz
Germany	GER - OBERLIGA RHEINLAND - PFALZ/SAAR, NORTH GERMANY	Hassia Bingen--v--SG 2000 Mulheim-Karlich
France	FRA - LIGUE 1 FRANCE	Lens--v--PSG
France	FRA - LIGUE 2 FRANCE	Guingamp--v--Le Havre
France	FRA - LIGUE 2 FRANCE	AJ Auxerre--v--Clermont
France	FRA - LIGUE 2 FRANCE	Ajaccio--v--Dunkerque
France	FRA - LIGUE 2 FRANCE	Amiens--v--Paris FC
France	FRA - LIGUE 2 FRANCE	Chambly--v--Grenoble Foot
France	FRA - LIGUE 2 FRANCE	Niort--v--AS Nancy
France	FRA - LIGUE 2 FRANCE	Rodez Aveyron--v--Caen
France	FRA - LIGUE 2 FRANCE	Troyes--v--Pau FC
France	FRA - LIGUE 2 FRANCE	Valenciennes--v--Chateauroux
France	FRA - NATIONAL FRANCE	Annecy FC--v--Concarneau
France	FRA - NATIONAL FRANCE	Avranches--v--FC Bastia Borgo
France	FRA - NATIONAL FRANCE	Boulogne--v--Le Mans
France	FRA - NATIONAL FRANCE	Cholet--v--Laval
France	FRA - NATIONAL FRANCE	Lyon Duchere--v--US Creteil
France	FRA - NATIONAL FRANCE	Red Star FC--v--Villefranche Sur Saone
France	FRA - NATIONAL FRANCE	SC Bastia--v--Bourg Peronnas
Netherlands	NED - EREDIVISIE NETHERLANDS	Heerenveen--v--Willem II
Netherlands	NED - EREDIVISIE NETHERLANDS	PEC Zwolle--v--Feyenoord
Netherlands	NED - EREDIVISIE NETHERLANDS	Twente--v--Fortuna Sittard
Netherlands	NED - EERSTE DIVISIE NETHERLANDS	Dordrecht--v--Excelsior
Netherlands	NED - EERSTE DIVISIE NETHERLANDS	Eindhoven--v--Helmond
Netherlands	NED - EERSTE DIVISIE NETHERLANDS	Volendam--v--Jong Utrecht
Netherlands	NED - EERSTE DIVISIE NETHERLANDS	Cambuur--v--Go Ahead Eagles
Netherlands	NED - EERSTE DIVISIE NETHERLANDS	Jong AZ Alkmaar--v--Jong Psv
Netherlands	NED - EERSTE DIVISIE NETHERLANDS	NEC Nijmegen--v--Jong Ajax
Portugal	POR - PRIMEIRA LIGA PORTUGAL	Famalicao--v--Benfica
Portugal	POR - PRIMEIRA LIGA PORTUGAL	Guimaraes--v--Belenenses
Belgium	BEL - FIRST DIVISION A BELGIUM	Eupen--v--Gent
Belgium	BEL - FIRST DIVISION B BELGIUM	Lommel United--v--Lierse Kempenzonen
Scotland	SCO - PREMIERSHIP SCOTLAND	Aberdeen--v--Kilmarnock
Scotland	SCO - PREMIERSHIP SCOTLAND	Livingston--v--Hamilton
Scotland	SCO - PREMIERSHIP SCOTLAND	Motherwell--v--St.Johnstone
Scotland	SCO - PREMIERSHIP SCOTLAND	Rangers--v--Dundee Utd
Scotland	SCO - PREMIERSHIP SCOTLAND	Ross County--v--Celtic
Scotland	SCO - PREMIERSHIP SCOTLAND	St Mirren--v--Hibernian
Turkey	TUR - SÃœPER LIG TURKEY	Caykur Rizespor--v--Fenerbahce
Copa Libertadores	MATCHES COPA LIBERTADORES	Club Jorge Wilstermann--v--Atletico Paranaense
Copa Libertadores	MATCHES COPA LIBERTADORES	Colo Colo--v--Penarol
International Club	CLUB FRIENDLIES INTERNATIONAL CLUB	Piacenza--v--Sampdoria
Simulated Reality League	SRL SUMMER SERIES, PARIS, KNOCKOUT STAGE SIMULATED REALITY LEAGUE	Lyon SRL--v--Burnley SRL
Simulated Reality League	SRL SUMMER SERIES, PARIS, KNOCKOUT STAGE SIMULATED REALITY LEAGUE	Bayer Leverkusen SRL--v--Barcelona SRL
Electronic Leagues	ESOCCER LIGA PRO - 12 MINS PLAY ELECTRONIC LEAGUES	EZ1 Ez1d 11--v--NFCNyancat FC
Electronic Leagues	ESOCCER LIGA PRO - 12 MINS PLAY ELECTRONIC LEAGUES	NFCNyancat FC--v--TES Tundra
Electronic Leagues	ESOCCER LIGA PRO - 12 MINS PLAY ELECTRONIC LEAGUES	FRZ Forze--v--NFCNyancat FC
Electronic Leagues	ESOCCER LIGA PRO - 12 MINS PLAY ELECTRONIC LEAGUES	NFCNyancat FC--v--CFC Catalonia FC
Electronic Leagues	ESOCCER LIGA PRO - 12 MINS PLAY ELECTRONIC LEAGUES	GMB Gambit Esports--v--Westcoastunt
Electronic Leagues	ESOCCER LIGA PRO - 12 MINS PLAY ELECTRONIC LEAGUES	GMB Gambit Esports--v--Team Ruspro R11
Electronic Leagues	ESOCCER LIGA PRO - 12 MINS PLAY ELECTRONIC LEAGUES	Team Ruspro R11--v--PWR Pele Warriors
Electronic Leagues	ESOCCER LIGA PRO - 12 MINS PLAY ELECTRONIC LEAGUES	KAB Kabush--v--GMB Gambit Esports
Electronic Leagues	ESOCCER LIGA PRO - 12 MINS PLAY ELECTRONIC LEAGUES	Team Ruspro R11--v--Westcoastunt
Electronic Leagues	ESOCCER LIGA PRO - 12 MINS PLAY ELECTRONIC LEAGUES	PWR Pele Warriors--v--GMB Gambit Esports
Electronic Leagues	ESOCCER LIGA PRO - 12 MINS PLAY ELECTRONIC LEAGUES	KAB Kabush--v--Team Ruspro R11
Australia	AUS - NPL QUEENSLAND AUSTRALIA	Brisbane City FC--v--Brisbane Roar FC Youth
Australia	AUS - NPL QUEENSLAND AUSTRALIA	Capalaba FC--v--Gold Coast United FC
Australia	AUS - NPL QUEENSLAND AUSTRALIA	Olympic FC--v--Redlands United
Australia	AUS - NPL QUEENSLAND AUSTRALIA	Peninsula Power FC--v--Moreton Bay United
Australia	AUS - NPL QUEENSLAND AUSTRALIA	Queensland Lions--v--Brisbane Strikers
Australia	AUS - NPL SOUTH AUSTRALIA AUSTRALIA	Adelaide United Youth FC--v--Adelaide City
Austria	AUT - BUNDESLIGA AUSTRIA	Rapid Vienna--v--Admira
Austria	AUT - BUNDESLIGA AUSTRIA	LASK Linz--v--Austria Vienna
Austria	AUT - 2. LIGA AUSTRIA	Austria Klagenfurt--v--BW Linz
Austria	AUT - 2. LIGA AUSTRIA	Austria Lustenau--v--SV Horn
Austria	AUT - 2. LIGA AUSTRIA	Floridsdorfer AC--v--SV Lafnitz
Austria	AUT - 2. LIGA AUSTRIA	KSV 1919--v--Wacker Innsbruck
Austria	AUT - OFB CUP AUSTRIA	Wiener Sportklub--v--ST JAKOB ROS
Austria	AUT - OFB CUP AUSTRIA	SK Vorwarts Steyr--v--Bruck/Leitha
Austria	AUT - OFB CUP AUSTRIA	SC Bregenz--v--Salzburg
Austria	AUT - ELITELIGA VORARLBERG AUSTRIA	RW Rankweil--v--FC Lauterach
Austria	AUT - ELITELIGA VORARLBERG AUSTRIA	Austria Lustenau II--v--SC Rothis
Bahrain	BHR - PREMIER LEAGUE BAHRAIN	Al-Najma Manama--v--Al Ahli Manama
Bahrain	BHR - PREMIER LEAGUE BAHRAIN	Manama Club--v--Busaiteen
Belarus	BLR - VYSSHAYA LEAGUE BELARUS	Minsk--v--Gorodeya
Belarus	BLR - VYSSHAYA LEAGUE, WOMEN BELARUS	Abff Wu-19 (W)--v--WFC Bobruichanka (W)
Brazil	BRA - BRASILEIRO A BRAZIL	Atletico Paranaense--v--Botafogo
Brazil	BRA - BRASILEIRO A BRAZIL	Fortaleza--v--Sport Recife
Brazil	BRA - BRASILEIRO A BRAZIL	Goias--v--Coritiba
Brazil	BRA - BRASILEIRO A BRAZIL	Sao Paulo--v--Bragantino SP
Brazil	BRA - BRASILEIRO B BRAZIL	Juventude--v--Confianca SE
Brazil	BRA - CAMPEONATO BRASILEIRO SERIE A WOMEN BRAZIL	Flamengo--v--Ferroviaria SP
Brazil	BRA - CAMPEONATO BRASILEIRO SERIE A WOMEN BRAZIL	Gremio RS--v--Iranduba AM (W)
Brazil	BRA - CAMPEONATO BRASILEIRO SERIE A WOMEN BRAZIL	Minas Icesp DF--v--SE Palmeiras SP
Brazil	BRA - CAMPEONATO BRASILEIRO SERIE A WOMEN BRAZIL	Sao Jose Dos Campos SP--v--Santos SP
Brazil	CAMPEONATO MARANHENSE PLAYOFFS BRAZIL	SE Juventude MA--v--Sampaio Correa
Brazil	BRA - CAMPEONATO AMAPAENSE BRAZIL	Trem AP--v--Ypiranga AP
Bulgaria	BUL- A PFG BULGARIA	OFC Botev Vratsa--v--Arda Kurdzhali
Bulgaria	BUL- A PFG BULGARIA	Botev Plovdiv--v--Tsarsko Selo Sofia
Canada	CAN - CANADIAN PREMIER LEAGUE, GROUP STAGE CANADA	HFX Wanderers FC--v--Forge FC
Chile	CHI - PRIMERA DIVISION CHILE	Huachipato--v--Universidad Catolica
Chile	CHI - PRIMERA DIVISION CHILE	Cobresal--v--Curico Unido
Chile	CHI - PRIMERA DIVISION CHILE	Colo Colo--v--O'Higgins
Chile	CHI - PRIMERA DIVISION CHILE	Coquimbo Unido--v--Palestino
Chile	CHI - PRIMERA B CHILE	CSD Barnechea--v--San Marcos de Arica
China	CHN - SUPER LEAGUE CHINA	Guangzhou Evergrande--v--Shenzhen Honzuan
China	CHN - SUPER LEAGUE CHINA	Shanghai Shenhua--v--Shandong Luneng Taishan
Colombia	COL - PRIMERA A COLOMBIA	Deportivo Cali--v--Millonarios
Colombia	COL - SUPERLIGA AGUILA CUP COLOMBIA	Club Atletico Junior--v--America de Cali
Costa Rica	CRC - PRIMERA DIVISION COSTA RICA	Sporting San Jose--v--CS Cartagines
Croatia	CRO - 1.HNL CROATIA	Slaven Belupo--v--HNK Sibenik
Croatia	CRO - 2.HNL CROATIA	NK Junak Sinj--v--NK Hrvatski Dragovoljac
Cyprus	CYP - 1ST DIVISION CYPRUS	Apoel Nicosia--v--AEL Limassol
Cyprus	CYP - 1ST DIVISION CYPRUS	Apollon Limassol--v--Pafos
Cyprus	CYP - 1ST DIVISION CYPRUS	Anorthosis Famagusta--v--AC Omonia Nicosia
Czech	CZE - 1.LIGA CZECH	Sigma Olomouc--v--Bohemians 1905
Czech	CZE - DIVISION 2 CZECH	FK Apos Blansko--v--Dukla Prague
Czech	CZE - DIVISION 2 CZECH	Hradec Kralove--v--Afk Chrudim
Czech	CZE - MSFL CZECH	Banik Ostrava B--v--SK Sigma Olomouc B
Czech	CZE - MSFL CZECH	FC Hlucin--v--SFK Vrchovina
Czech	CZE - MSFL CZECH	FC Odra Petrkovice--v--FC Velke Mezirici
Czech	CZE - MSFL CZECH	FC Slovan Rosice--v--FC Msa Dolni Benesov
Czech	CZE - MSFL CZECH	Fotbal Frydek Mistek--v--Slavia Kromeriz
Czech	CZE - MSFL CZECH	Uhersky Brod--v--Slovacko B
Czech	CZE - MSFL CZECH	Unex Unicov--v--FC VYSOCINA JIHLAVA B
Czech	CZE - MSFL CZECH	1 SC Znojmo--v--FC Viktoria Otrokovice
Denmark	DEN - SUPERLIGAEN DENMARK	Sonderjyske--v--Midtjylland
Denmark	DEN - 1ST DIVISION DENMARK	Hobro--v--Viborg
Ecuador	ECU - LIGAPRO PRIMERA A ECUADOR	Deportivo Cuenca--v--Independiente Del Valle
Estonia	EST - PREMIUM LEAGUE ESTONIA	JK Tallinna Kalev--v--Flora Tallinn
Estonia	EST - PREMIUM LEAGUE ESTONIA	Viljandi JK Tulevik--v--Paide Linnameeskond
Finland	FIN - VEIKKAUSLIIGA FINLAND	Honka--v--Ilves
Finland	FIN - VEIKKAUSLIIGA FINLAND	IFK Mariehamn--v--Lahti
Finland	FIN - VEIKKAUSLIIGA FINLAND	Kuopio PS--v--Rovaniemi PS
Finland	FIN - VEIKKAUSLIIGA FINLAND	Seinajoen JK--v--Inter Turku
Finland	FIN - VEIKKAUSLIIGA FINLAND	TPS Turku--v--Haka
Finland	FIN - YKKONEN FINLAND	Mikkelin Palloilijat--v--Jaro
Finland	FIN - KAKKONEN - GROUP C FINLAND	JJK Jyvaskyla--v--Jippo
Georgia	GEO - NATIONAL LEAGUE GEORGIA	FC Lokomotivi Tbilisi--v--Chikhura Sachkhere
Greece	GRE - SUPER LEAGUE GREECE	Aris Thessaloniki--v--Lamia
Greece	GRE - SUPER LEAGUE GREECE	PAOK--v--Larissa
Greece	GRE - GREECE CUP GREECE	AEK--v--Olympiacos
Hungary	HUN - NB I HUNGARY	Ferencvarosi--v--Paksi FC
Iceland	ICE - URVALSDEILD ICELAND	KR Reykjavik--v--Stjarnan Gardabae
Iceland	ICE - URVALSDEILD ICELAND	Ka Akureyri--v--Fylkir Reykjavik
Iceland	ICE - URVALSDEILD ICELAND	Hafnarfjordur--v--Breidablik Kopavogur
Iceland	ICE - URVALSDEILD ICELAND	HK Kopavogs--v--IA Akranes
Iceland	ICE - URVALSDEILD ICELAND	Valur Reykjavik--v--Vikingur Reykjavik
Iceland	ICE - 2 DEILD ICELAND	Dalvik Reynir--v--Volsungur
Iceland	ICE - 2 DEILD ICELAND	KF Fjallabyggd--v--Kordrengir
Iceland	ICE - 2 DEILD ICELAND	IR Reykjavik--v--Throttur Vogum
Iceland	ICE - 2 DEILD ICELAND	Njarovik--v--KF Fjardabyggd
Iceland	ICE - 2 DEILD ICELAND	UMF Vidir--v--UMF Selfoss
Iceland	ICE - 2 DEILD ICELAND	Kari--v--Haukar Hafnarfjordur
Iceland	ICE - URVALSDEILD WOMAN ICELAND	KR Reykjavik--v--IBV Vestmannaeyjar
Iceland	ICE - URVALSDEILD WOMAN ICELAND	UMF Selfoss (W)--v--Valur Reykjavik
Iceland	ICE - URVALSDEILD WOMAN ICELAND	Throttur Reykjavik--v--Thor Ka Akureyri (W)
Iceland	ICE - URVALSDEILD WOMAN ICELAND	Breidablik Kopavogur--v--Stjarnan
Ireland	IRE - PREMIER DIVISION IRELAND	Bohemians Dublin--v--Waterford United FC
Ireland	IRE - PREMIER DIVISION IRELAND	Dundalk--v--Shelbourne Dublin FC
Ireland	IRE - 1.DIVISION IRELAND	Cabinteely FC--v--Athlone Town AFC
Ireland	IRE - 1.DIVISION IRELAND	Galway United--v--Shamrock Rovers II
Ireland	IRE - 1.DIVISION IRELAND	Wexford--v--Bray Wanderers AFC
Japan	JAP - J.LEAGUE JAPAN	Kawasaki Frontale--v--Vissel Kobe
Japan	JAP - J.LEAGUE JAPAN	FC Tokyo--v--Yokohama FC
Japan	JAP - J.LEAGUE JAPAN	Kashima Antlers--v--Vegalta Sendai
Japan	JAP - J.LEAGUE JAPAN	Kashiwa Reysol--v--Gamba Osaka
Japan	JAP - J.LEAGUE JAPAN	Oita Trinita--v--Shonan Bellmare
Japan	JAP - J.LEAGUE JAPAN	Sanfrecce Hiroshima--v--Shimizu S-Pulse
Japan	JAP - J.LEAGUE JAPAN	Cerezo Osaka--v--Consadole Sapporo
Japan	JAP - J.LEAGUE JAPAN	Nagoya Grampus--v--Yokohama F Marinos
Japan	JAP - J.LEAGUE JAPAN	Urawa Red Diamonds--v--Sagan Tosu
Japan	JAP - J.LEAGUE 2 JAPAN	Ehime FC--v--Giravanz Kitakyushu
Japan	JAP - J.LEAGUE 2 JAPAN	Fagiano Okayama--v--Tokyo Verdy
Japan	JAP - J.LEAGUE 2 JAPAN	FC Ryukyu--v--Omiya Ardija
Japan	JAP - J.LEAGUE 2 JAPAN	JEF United Ichihara Chiba--v--Niigata Albirex
Japan	JAP - J.LEAGUE 2 JAPAN	Montedio Yamagata--v--Avispa Fukuoka
Japan	JAP - J.LEAGUE 2 JAPAN	Renofa Yamaguchi--v--Matsumoto Yamaga FC
Japan	JAP - J.LEAGUE 2 JAPAN	Thespakusatsu--v--Kyoto Sanga FC
Japan	JAP - J.LEAGUE 2 JAPAN	Tochigi SC--v--Tokushima Vortis
Japan	JAP - J.LEAGUE 2 JAPAN	Ventforet Kofu--v--V-Varen Nagasaki
Japan	JAP - J.LEAGUE 2 JAPAN	Zweigen Kanazawa--v--Machida Zelvia
Japan	JAP - J.LEAGUE 2 JAPAN	Jubilo Iwata--v--Mito Hollyhock
Japan	JAP - J.LEAGUE 3 JAPAN	Roasso Kumamoto--v--Nagano Parceiro
Kazakhstan	KAZ - PREMIER LEAGUE KAZAKHSTAN	FC Zhetysu--v--FC Okzhetpes
Kazakhstan	KAZ - PREMIER LEAGUE KAZAKHSTAN	Shakhter Karagandy--v--FC Taraz
Kuwait	KUW - EMIR CUP KUWAIT	Al Jahra--v--Yarmouk
Kuwait	KUW - EMIR CUP KUWAIT	Al Arabi--v--Burgan SC
Latvia	LVA - VIRSLIGA LATVIA	Spartaks Jurmala--v--BFC Daugavpils
Latvia	LVA - VIRSLIGA LATVIA	Ventspils--v--Riga
Latvia	LVA - VIRSLIGA LATVIA	FK Liepaja--v--FK Jelgava
Mexico	MEX - PRIMERA DIVISION MEXICO	Deportivo Toluca--v--Juarez
Mexico	MEX - PRIMERA DIVISION MEXICO	Monterrey--v--Atlas
Mexico	MEX - PRIMERA DIVISION MEXICO	Guadalajara Chivas--v--Gallos Blancos Queretaro
Mexico	MEX - PRIMERA DIVISION MEXICO	Puebla--v--America de Mexico
Mexico	MEX - PRIMERA DIVISION MEXICO	Leon--v--Uanl Tigres
Mexico	MEX - LIGA DE EXPANSION MX, APERTURA MEXICO	Venados--v--Dorados de Sinaloa
Mexico	MEX - LIGA DE EXPANSION MX, APERTURA MEXICO	Correcaminos Uat--v--CD TEPATITLAN DE MORELOS
Mexico	MEX - LIGA DE EXPANSION MX, APERTURA MEXICO	Min. De Zacatecas--v--CD Tapatio
Mexico	MEX - U20 LEAGUE MEXICO	Cruz Azul U20--v--Pachuca U20
Mexico	MEX - U20 LEAGUE MEXICO	Leon U20--v--Tigres U20
Mexico	MEX - U20 LEAGUE MEXICO	Mazatlan FC--v--Tijuana U20
Mexico	MEX - U20 LEAGUE MEXICO	Santos Laguna U20--v--Pumas U20
Morocco	MAR - BOTOLA MOROCCO	AS Far Rabat--v--Wydad AC Casablanca
Norway	NOR - ELITESERIEN NORWAY	Kristiansund BK--v--Viking
Norway	NOR - ELITESERIEN NORWAY	Stabaek--v--Haugesund
Norway	NOR - TOPPSERIEN - WOMEN NORWAY	Arna-Bjornar (W)--v--Kolbotn (W)
Norway	NOR - TOPPSERIEN - WOMEN NORWAY	Avaldsnes IL (W)--v--Valerenga (W)
Norway	NOR - TOPPSERIEN - WOMEN NORWAY	Trondheims-Orn (W)--v--Roa (W)
Norway	NOR - TOPPSERIEN - WOMEN NORWAY	Lyn (W)--v--Sandviken (W)
Norway	NOR - TOPPSERIEN - WOMEN NORWAY	Klepp (W)--v--Lillestrom SK Kvinner (W)
Peru	PER - PRIMERA DIVISION PERU	Carlos Mannucci--v--Universidad Cesar Vallejo
Peru	PER - PRIMERA DIVISION PERU	Sporting Cristal--v--Universidad San Martin
Peru	PER - PRIMERA DIVISION PERU	Atletico Grau--v--Ayacucho
Poland	POL - EKSTRAKLASA POLAND	Jagiellonia Bialystok--v--TS Podbeskidzie Bielsko-Biala
Poland	POL - EKSTRAKLASA POLAND	Wisla Plock--v--Legia
Poland	POL - I LIGA POLAND	Chrobry Glogow--v--Widzew Lodz
Poland	POL - II LIGA POLAND	Wigry Suwalki--v--Skra Czestochowa
Poland	POL - III LIGA,GROUP 3 POLAND	LKS Goczalkowice Zdroj--v--KS Sleza Wroclaw
Poland	POL - III LIGA,GROUP 4 POLAND	Avia Swidnik--v--Korona II Kielce SA
Poland	POL - III LIGA,GROUP 4 POLAND	Cracovia Krakow II--v--KS Wisloka Debica
Poland	POL - III LIGA,GROUP 4 POLAND	FKS Stal Krasnik--v--Podhale Nowy Targ
Poland	POL - III LIGA,GROUP 4 POLAND	Kszo Ssa Ostrowiec Sw.--v--Wolczanka Wolka Pelkinska
Poland	POL - III LIGA,GROUP 4 POLAND	Orleta Radzyn Podlaski--v--Lewart Lubartow
Poland	POL - III LIGA,GROUP 4 POLAND	Sokol Sieniawa--v--Siarka Tarnobrzeg
Romania	ROM - LIGA 1 ROMANIA	Arges--v--AFC Uta Arad
Romania	ROM - LIGA 1 ROMANIA	Dinamo Bucuresti--v--Botosani
Romania	ROM - LIGA 2 ROMANIA	U Craiova 1948 SA--v--Ripensia Timisoara
Russia	RUS - PREMIER LEAGUE RUSSIA	Tambov--v--Ufa
Russia	RUS - PREMIER LEAGUE RUSSIA	Ural--v--Khimki
Russia	RUS - PREMIER LEAGUE RUSSIA	Akhmat Grozny--v--Sochi
Russia	RUS - NATIONAL LEAGUE RUSSIA	SKA Khabarovsk--v--Akron Tolyatti
Russia	RUS - NATIONAL LEAGUE RUSSIA	FC Irtysh Omsk--v--FC Alania Vladikavkaz
Russia	RUS - NATIONAL LEAGUE RUSSIA	Tom Tomsk--v--Tekstilshchik Ivanovo
Russia	RUS - NATIONAL LEAGUE RUSSIA	Spartak-2 Moscow--v--Baltika Kaliningrad
Russia	RUS - NATIONAL LEAGUE RUSSIA	Orenburg--v--Shinnik Yaroslavl
Russia	RUS - NATIONAL LEAGUE RUSSIA	Chayka Peschanokopskoye--v--Torpedo Moscow
Russia	RUS - NATIONAL LEAGUE RUSSIA	Chertanovo--v--Kryliya Sovetov Samara
Russia	RUS - NATIONAL LEAGUE RUSSIA	Fakel Worenesch--v--Yenisey Krasnoyarsk
Russia	RUS - NATIONAL LEAGUE RUSSIA	Nizhny Novgorod--v--FC Volgar-Gazprom Astrahan
Russia	RUS - NATIONAL LEAGUE RUSSIA	Veles--v--Krasnodar 2
Russia	RUS - PFL GROUP 2 RUSSIA	FC SMOLENSK--v--Zenit Irkutsk
Russia	RUS - PFL GROUP 2 RUSSIA	Luki-Energiya V.luki--v--FC Chita
Saudi Arabia	KSA - PROFESSIONAL LEAGUE SAUDI ARABIA	AL Adalh FC--v--Al-Ittihad Jeddah
Saudi Arabia	KSA - PROFESSIONAL LEAGUE SAUDI ARABIA	Al Ahli Jeddah--v--Al Raed
Saudi Arabia	KSA - PROFESSIONAL LEAGUE SAUDI ARABIA	Al Faisaly--v--Abha
Saudi Arabia	KSA - PROFESSIONAL LEAGUE SAUDI ARABIA	Al Hazm--v--Al Wehda
Saudi Arabia	KSA - PROFESSIONAL LEAGUE SAUDI ARABIA	Al Hilal Riyadh--v--Al Shabab Ksa
Saudi Arabia	KSA - PROFESSIONAL LEAGUE SAUDI ARABIA	Al Nasr Riyadh--v--Al Ittifaq
Saudi Arabia	KSA - PROFESSIONAL LEAGUE SAUDI ARABIA	Al Taawon--v--Al Faiha
Saudi Arabia	KSA - PROFESSIONAL LEAGUE SAUDI ARABIA	Dhamk--v--Al Fateh SC
Slovakia	SVK - SUPERLIGA SLOVAKIA	Vion Zlate Moravce--v--Senica
Slovakia	SVK - 2. LIGA SLOVAKIA	FK Kosice--v--Komarno
Slovakia	SVK - 2. LIGA SLOVAKIA	FK Puchov--v--Slovan Bratislava B
Slovakia	SVK - 2. LIGA SLOVAKIA	Partizan Bardejov--v--FC Stk 1914 Samorin
Slovakia	SVK - 2. LIGA SLOVAKIA	Tatran Liptovsky Mikulas--v--MFK Dubnica
Slovakia	SVK - 2. LIGA SLOVAKIA	FK Aquacity Poprad--v--MFK Dukla Banska Bystrica
Slovakia	SVK - 2. LIGA SLOVAKIA	ZP Sport Podbrezova--v--FK Slavoj Trebisov
Slovakia	SVK - U 19 SLOVAKIA	Nitra--v--Dunajska Streda
Slovenia	SLO - PRVA LIGA SLOVENIA	Maribor--v--ASK Bravo
Slovenia	SLO - PRVA LIGA SLOVENIA	NK Celje--v--NK Domzale
South Africa	RSA - PREMIER LEAGUE, RELEGATION/PROMOTION SOUTH AFRICA	Black Leopards--v--Ajax Cape Town FC
South Africa	RSA - FA CUP SOUTH AFRICA	Bloemfontein Celtic--v--Mamelodi Sundowns
South Korea	KOR - K-LEAGUE CLASSIC SOUTH KOREA	Gwangju--v--Jeonbuk Hyundai
South Korea	KOR - K-LEAGUE CLASSIC SOUTH KOREA	Sangju Sangmu Phoenix--v--Seongnam Ilhwa
South Korea	KOR - K-LEAGUE CLASSIC SOUTH KOREA	Ulsan Hyundai--v--Daegu
South Korea	KOR - K-LEAGUE CHALLENGE SOUTH KOREA	Seoul E-Land--v--Chungnam Asan FC
South Korea	KOR - K-LEAGUE CHALLENGE SOUTH KOREA	Jeonnam Dragons--v--Gyeongnam FC
Sweden	SWE - ALLSVENSKAN SWEDEN	Helsingborgs--v--Kalmar
Sweden	SWE - SUPERETTAN SWEDEN	Akropolis IF--v--Osters
Sweden	SWE - SUPERETTAN SWEDEN	Dalkurd FF--v--Umeaa FC
Sweden	SWE - SUPERETTAN SWEDEN	Orgryte--v--Ljungskille SK
Sweden	SWE - SUPERETTAN SWEDEN	Trelleborgs--v--IK Brage
Sweden	SWE - 2.DIV. NORRA GOTALAND SWEDEN	Ahlafors IF--v--IK Gauthiod
Sweden	SWE - 2.DIV. OSTRA GOTALAND SWEDEN	IFK Hassleholm--v--Kristianstad
Sweden	SWE - 2.DIV. VASTRA GOTALAND SWEDEN	IS Halmia--v--Eslovs BK
Ukraine	UKR - PREMIER LEAGUE UKRAINE	Dynamo Kiev--v--Desna Chernigov
Uruguay	URU - PRIMERA DIVISION, APERTURA URUGUAY	Plaza Colonia CD--v--Cerro Largo
Uruguay	URU - PRIMERA DIVISION, APERTURA URUGUAY	Progreso--v--CA Rentistas
Uruguay	URU - PRIMERA DIVISION, APERTURA URUGUAY	River Plate Montevideo--v--Penarol
Uruguay	URU - PRIMERA DIVISION, APERTURA URUGUAY	Torque--v--Mdeo. Wanderers FC
USA	USA - MLS USA	Inter Miami CF--v--Atlanta United FC
USA	USA - MLS USA	Minnesota United--v--Dallas
USA	USA - MLS USA	Montreal Impact--v--Toronto FC
USA	USA - MLS USA	Colorado Rapids--v--Houston Dynamo
USA	USA - MLS USA	Real Salt Lake--v--Los Angeles FC
USA	USA - USL, CHAMPIONSHIP USA	Austin Bold FC--v--Tulsa Roughnecks FC
USA	USA - USL, CHAMPIONSHIP USA	New York Red Bulls II--v--Bethlehem Steel FC
